Id,SalePrice
1461,-2.2728037228362104e+18
1462,-6.930005817512184e+18
1463,-6.226298957340444e+18
1464,-6.170802924178669e+18
1465,-6.646207621152556e+18
1466,-5.855038471134851e+18
1467,-6.087373564470518e+18
1468,-5.496522930399233e+18
1469,-7.0155364647193e+18
1470,-3.2386069552603817e+18
1471,-6.994455114598888e+18
1472,-3.407718835672505e+18
1473,-3.6973808434926556e+18
1474,-5.585257076010422e+18
1475,-4.203333528427642e+18
1476,-1.0162590344121125e+19
1477,-8.173058501720277e+18
1478,-9.082534729076353e+18
1479,-9.776642103087815e+18
1480,-1.4590258567841581e+19
1481,-1.015599368290954e+19
1482,-7.160103118368846e+18
1483,-6.973133380289035e+18
1484,-5.915991273606099e+18
1485,-4.618706825134803e+18
1486,-6.327793425569465e+18
1487,-1.048104166892321e+19
1488,-8.470547689397717e+18
1489,-6.384242606470714e+18
1490,-7.55321253883626e+18
1491,-6.057599706288138e+18
1492,-4.979439131740413e+18
1493,6.02103200711529e+18
1494,6.686027806502941e+18
1495,-9.029653282723638e+18
1496,-7.666875743700567e+18
1497,-6.093124146545465e+18
1498,-4.281593850329833e+18
1499,-3.54205217009459e+18
1500,-4.21144441887781e+18
1501,-5.369834654742112e+18
1502,-3.662548806261311e+18
1503,-7.697936716896985e+18
1504,-6.880412558716411e+18
1505,-7.776056302516089e+18
1506,-9.727463147426337e+18
1507,-9.278051258328357e+18
1508,-7.23661019927708e+18
1509,-6.021423869695522e+18
1510,-6.393366562361251e+18
1511,-6.317681896863711e+18
1512,-7.911395813633192e+18
1513,-6.576397116262202e+18
1514,-9.189252031102761e+18
1515,-1.0345793165246224e+19
1516,-6.208047942847566e+18
1517,-5.794454901433776e+18
1518,-8.524708183193938e+18
1519,-7.692024780587286e+18
1520,-3.304421676933732e+18
1521,-6.251091739390921e+18
1522,-7.803625916828951e+18
1523,-5.419997756088851e+18
1524,-5.274949647041488e+18
1525,-4.970223645847748e+18
1526,-5.024158202663669e+18
1527,-4.547377864494532e+18
1528,-2.3996001683578844e+18
1529,-5.644883248922515e+17
1530,-3.1426611046587126e+18
1531,-7.063386215497274e+18
1532,-4.87992640302559e+18
1533,9.975004140862255e+18
1534,-5.228840266298189e+18
1535,-6.636312452882508e+18
1536,-5.930335283044435e+18
1537,-4.176838963985577e+18
1538,-6.274109325802015e+18
1539,-7.387604519938688e+18
1540,-8.129071310202357e+18
1541,-5.546576343404401e+18
1542,-6.520668940223202e+18
1543,-7.971713197475446e+18
1544,-3.959793948201228e+18
1545,-3.976588542630377e+18
1546,-4.730667879075942e+18
1547,-3.3726968513126057e+18
1548,-5.372046087732758e+18
1549,-3.7049213627031235e+18
1550,-6.127033628260957e+18
1551,-5.569395279507107e+18
1552,-6.955933847096982e+18
1553,-5.759707155201919e+18
1554,-4.790411286548851e+18
1555,-8.488857067448904e+18
1556,-4.805451785068114e+18
1557,-6.776064141499193e+18
1558,-3.6265394959186304e+18
1559,-6.691342914909434e+18
1560,-6.313037465037288e+18
1561,-9.73328585278795e+18
1562,3.000381510355572e+18
1563,-4.3239889371394836e+18
1564,-6.981737487615661e+18
1565,2.0013975890830692e+18
1566,-7.67679777430449e+18
1567,-3.761776093507852e+18
1568,-7.569957850931147e+18
1569,4.2740340211338824e+18
1570,1.1478336453190458e+18
1571,-1.0459134838934262e+19
1572,-6.069509930583426e+18
1573,-7.834475464496345e+18
1574,-6.880670935654895e+18
1575,-7.414657526470287e+18
1576,-6.749029022375803e+18
1577,-6.387982170800388e+18
1578,-5.438454961588747e+18
1579,-4.766756336129168e+18
1580,-6.285008259969546e+18
1581,5.59449117663472e+18
1582,-4.472832547803989e+18
1583,-1.0405814015801537e+19
1584,-7.747825011254081e+18
1585,-4.2021971551356334e+18
1586,-2.397354178376535e+18
1587,-4.4037625740344115e+18
1588,-6.143170819721733e+18
1589,-4.697731165630836e+18
1590,-5.605405169296786e+18
1591,-5.047908641976919e+18
1592,-6.60423603748635e+18
1593,-4.357242490481886e+18
1594,-7.105109745796165e+18
1595,-6.42520856638266e+18
1596,-4.827147325608503e+18
1597,-7.911595057931138e+18
1598,-5.549097207883081e+18
1599,-5.156552531312006e+18
1600,-6.178703909216912e+18
1601,-2.5500548649844654e+18
1602,-4.420612982798593e+18
1603,-4.648885394208006e+18
1604,-8.505913115192482e+18
1605,-7.228078189016595e+18
1606,-6.671946355657504e+18
1607,-1.095618182824399e+19
1608,-7.020586588091537e+18
1609,-6.386917290739058e+18
1610,-4.812282607115372e+18
1611,-6.370685622937675e+18
1612,-7.566739892077275e+18
1613,-7.059170587905791e+18
1614,-4.74831984471366e+18
1615,-3.886697199963815e+18
1616,-3.930397923108492e+18
1617,-3.8027549272837494e+18
1618,-4.491618172150833e+18
1619,5.132905329441898e+18
1620,-9.109614197487392e+18
1621,-4.4862692123336653e+18
1622,-5.739566705081978e+18
1623,-4.755555653852368e+18
1624,-7.352845864164649e+18
1625,-4.496657051061768e+18
1626,-7.519784508956514e+18
1627,-6.202849192740096e+18
1628,-7.975365608905433e+18
1629,-5.617145750921065e+18
1630,-1.2873768054385084e+19
1631,-7.663105759382726e+18
1632,-8.90083824848801e+18
1633,-4.710470074720308e+18
1634,-6.375954700871954e+18
1635,-5.268975661279233e+18
1636,-6.238702270131786e+18
1637,-7.283147649307161e+18
1638,-7.670798029429539e+18
1639,-8.529703446515538e+18
1640,-9.96285464183802e+18
1641,-8.185372802388265e+18
1642,-7.013496685389216e+18
1643,-7.38188861892523e+18
1644,-2.4614460139904015e+18
1645,-5.911776903757089e+18
1646,-5.733763281286192e+18
1647,-6.208742052615836e+18
1648,-6.268542955535997e+18
1649,-5.429080966155827e+18
1650,-4.406092075300427e+18
1651,-4.428395432768459e+18
1652,-3.3133889362505477e+18
1653,1.3180977034412022e+18
1654,-5.687392061525823e+18
1655,4.4880456902322857e+18
1656,-5.596652676226622e+18
1657,-5.657415113162408e+18
1658,-5.634970420446362e+18
1659,-4.188096083832364e+18
1660,-5.447847574082836e+18
1661,-1.1576531570964441e+19
1662,-9.999403480785285e+18
1663,-1.0615628525726136e+19
1664,-1.4116913057739198e+19
1665,-9.204070196031609e+18
1666,-9.298969492420762e+18
1667,-1.0004519432682453e+19
1668,-9.183735777993172e+18
1669,-7.929221936744743e+18
1670,-9.429666051024142e+18
1671,-9.20367885497385e+18
1672,-1.2935560137774629e+19
1673,-8.595016035117428e+18
1674,-8.500295489138755e+18
1675,-6.9859326630532e+18
1676,-6.670156056301481e+18
1677,-6.937757900620962e+18
1678,-1.323429313691074e+19
1679,-1.1611667615038128e+19
1680,-9.93254079756808e+18
1681,-7.622498275250515e+18
1682,-8.996477964633854e+18
1683,-7.371665041011522e+18
1684,-5.311780806422501e+18
1685,-5.391480266872876e+18
1686,-6.328927861244281e+18
1687,-4.729708747567108e+18
1688,-6.173580401759407e+18
1689,-5.969852415357384e+18
1690,-5.470371432037237e+18
1691,-4.848368968696643e+18
1692,-6.927033806897469e+18
1693,-2.9264697742056837e+18
1694,-5.565475759411847e+18
1695,-4.868049510689083e+18
1696,-8.656653984531452e+18
1697,-4.855895760563272e+18
1698,-1.0337920845653774e+19
1699,1.3338476506252302e+19
1700,-7.675422635732156e+18
1701,-8.470345879521375e+18
1702,-9.096705572241727e+18
1703,-8.837133798573011e+18
1704,-8.875712842913882e+18
1705,-7.514610159762216e+18
1706,-1.3116948545467603e+19
1707,-7.615372959088769e+18
1708,-7.361306335663138e+18
1709,-8.066817331199252e+18
1710,-7.489823164309561e+18
1711,-6.461365840022624e+18
1712,-9.825205662503922e+18
1713,-8.604733006330564e+18
1714,-2.417551594868689e+18
1715,-5.914507464095941e+18
1716,-6.387045970821637e+18
1717,-5.916691074314832e+18
1718,-6.12330901016845e+18
1719,-6.542934353183171e+18
1720,4.397269730462489e+18
1721,-5.866085835095151e+18
1722,-5.957473032148823e+18
1723,-5.757660163104552e+18
1724,-7.699119676320078e+18
1725,-7.250426367994815e+18
1726,-4.279705120918091e+17
1727,-7.020427620157825e+18
1728,3.853236931193156e+18
1729,-4.971847321083231e+18
1730,-5.642329006704262e+18
1731,8.974313833000308e+18
1732,-4.379789540897717e+18
1733,-4.307922832151013e+18
1734,-5.365310468791187e+18
1735,-4.746831469832432e+18
1736,4.641862377678737e+18
1737,-9.097617754539594e+18
1738,-3.2562539680023245e+18
1739,-1.0788677792068432e+19
1740,-9.155413739417665e+18
1741,-6.212194160913675e+18
1742,-5.380710431352145e+18
1743,-5.062173843604774e+18
1744,-6.742402700755986e+18
1745,-9.285042619913366e+18
1746,-8.592970598999963e+18
1747,-7.066174479694365e+18
1748,-9.329397538828351e+18
1749,-4.682411625535518e+18
1750,-6.325342324131189e+18
1751,-8.465472409088456e+18
1752,-4.3789554808331863e+18
1753,-8.418497275638927e+18
1754,-8.074811042260146e+18
1755,-6.736906493283203e+18
1756,-4.592477773960346e+18
1757,-4.451395612464275e+18
1758,-6.638668194000487e+18
1759,-5.022682357268864e+18
1760,1.1955698608566016e+18
1761,-6.759349997329814e+18
1762,-6.984706695422225e+18
1763,-7.923328366297573e+18
1764,-1.0971817528414383e+18
1765,-9.005294004066186e+18
1766,-7.553410244186459e+18
1767,-8.190660967062321e+18
1768,-5.936815903711486e+18
1769,-7.010523288996211e+18
1770,-5.078297690378172e+18
1771,-3.1759931428203167e+18
1772,3.4723147642418285e+17
1773,5.562896242166943e+18
1774,-9.979871096365642e+18
1775,-5.531274119909313e+18
1776,-5.189866306188082e+18
1777,-3.965226785370352e+18
1778,-5.303586683167864e+18
1779,-4.768219894326409e+18
1780,-5.601276873998501e+18
1781,-6.29029431822104e+18
1782,-4.0967820972956984e+18
1783,-4.90405895558295e+18
1784,-3.939861419238657e+18
1785,-5.586132830822377e+18
1786,-2.127199613758609e+19
1787,-6.015745537058831e+18
1788,-2.842564307094537e+18
1789,-4.1493717109807764e+18
1790,-3.513456888622169e+18
1791,-9.423969114370945e+18
1792,-7.304635768694146e+18
1793,-4.413368302722526e+18
1794,-4.93742176982454e+18
1795,-5.751016956831592e+18
1796,-4.651673457827473e+18
1797,-4.856411449621866e+18
1798,-5.485627794879209e+18
1799,-2.0781472698720374e+18
1800,-3.726414696776917e+18
1801,-5.795789890550151e+18
1802,-1.1251759229943894e+19
1803,-6.653740508711895e+18
1804,-4.783223778087498e+18
1805,-5.411708541272165e+18
1806,-5.685450041674941e+18
1807,-7.096077786852439e+18
1808,-4.4696599467051745e+18
1809,-5.127451504923342e+18
1810,-5.690703736076168e+18
1811,-6.426848871072061e+18
1812,-5.607052035268473e+18
1813,-5.175302430966359e+18
1814,-4.530398913428399e+18
1815,-2.284536459397875e+18
1816,-3.8723939124256717e+18
1817,-5.553728093082178e+18
1818,-7.565586133511576e+18
1819,-4.651616469229673e+18
1820,-3.992707093379427e+18
1821,-1.1390621716056541e+19
1822,-5.565242112576458e+18
1823,-3.412692602902092e+18
1824,-7.069520685981469e+18
1825,-5.721599295521386e+18
1826,-4.3932258670603474e+18
1827,-5.12888036499934e+18
1828,-6.436257080310957e+18
1829,-5.610747273362102e+18
1830,-7.062012805892948e+18
1831,-7.341898880868304e+18
1832,-9.736457895880204e+18
1833,-7.028554265866892e+18
1834,-4.862259173634142e+18
1835,-7.060123991234357e+18
1836,-7.41542840655083e+18
1837,-3.564766492650104e+18
1838,-1.0341918482751924e+18
1839,-3.509947014478055e+18
1840,-6.207111612863006e+18
1841,-5.83255004614448e+18
1842,-4.3712566573239214e+18
1843,-5.497358832227339e+18
1844,-4.583641549626783e+18
1845,-8.972787231961183e+18
1846,-5.936933118745053e+18
1847,-9.327458095754437e+18
1848,-2.5457834726067446e+18
1849,-5.359620799880358e+18
1850,-5.585084890611068e+18
1851,-6.00886433392316e+18
1852,-5.718333330121593e+18
1853,8.734701885330755e+17
1854,-9.58869315467582e+17
1855,1.224458097744439e+18
1856,-7.293434208092678e+18
1857,-6.557818306501981e+18
1858,-6.741255287055092e+18
1859,-5.947912041294524e+18
1860,-6.179295350358397e+18
1861,-5.86681160141933e+18
1862,-9.565231051998167e+18
1863,-9.600949448198658e+18
1864,-9.600949448198367e+18
1865,-8.630522221040395e+18
1866,-9.008090296446311e+18
1867,-7.770768962177069e+18
1868,-9.632801486647943e+18
1869,-6.64980972558624e+18
1870,-6.467597922124076e+18
1871,-7.954727669508954e+18
1872,-5.117443889920659e+18
1873,-7.261884980449618e+18
1874,-5.060917032637996e+18
1875,-7.618756851839414e+18
1876,-6.55980213919156e+18
1877,-7.448172794819914e+18
1878,-7.966839880453336e+18
1879,-4.581204120744767e+18
1880,-3.5323590365022536e+18
1881,-8.363229798080903e+18
1882,-8.064710830536075e+18
1883,-6.260414992536871e+18
1884,-6.903879239350489e+18
1885,-7.815236691277216e+18
1886,-9.611973293889655e+18
1887,-7.353032111590715e+18
1888,-8.298601722674893e+18
1889,-4.774629440979341e+18
1890,-5.829712903430694e+18
1891,-4.801242315466078e+18
1892,-6.650882156932125e+17
1893,-6.677732080735363e+18
1894,-8.93416122015831e+18
1895,-7.600335868402494e+18
1896,-5.137914459874115e+18
1897,-5.188451921003145e+18
1898,-4.5570283379776046e+18
1899,-5.935335699115959e+18
1900,-4.417588896544687e+18
1901,-5.822004320069194e+18
1902,-6.608426303325622e+18
1903,-8.751839405901719e+18
1904,5.103354015117754e+18
1905,5.644673800636286e+18
1906,1.6363845422711877e+18
1907,-2.481749796724729e+18
1908,-3.558009068553548e+18
1909,-4.130940824452944e+18
1910,-4.1389161260464814e+18
1911,-7.07958867015552e+18
1912,-5.198115270686376e+18
1913,-1.079937209049524e+19
1914,-2.8507382339667364e+18
1915,-8.451504709746066e+18
1916,-3.0990643998104525e+18
1917,-3.777375714289502e+18
1918,-4.669900556622475e+18
1919,-4.4307182284610867e+18
1920,-8.537833392711556e+18
1921,-1.0914373635698602e+19
1922,-8.592291443286327e+18
1923,-8.244952419117756e+18
1924,1.9674124342610048e+18
1925,-7.444016314375082e+18
1926,-1.0353005134545404e+19
1927,-5.183622132776685e+18
1928,-7.08382224310266e+18
1929,-2.8111109336409815e+18
1930,-3.9406763691616774e+17
1931,-2.6738376067454633e+18
1932,-4.517964722974205e+18
1933,-1.2682977417330112e+18
1934,-6.165931762041793e+18
1935,-5.150042692974457e+18
1936,-6.130346119126604e+18
1937,-6.247189068162688e+18
1938,-7.219862839266605e+18
1939,-8.81222661696112e+18
1940,-6.678652975235524e+18
1941,-6.40221184121708e+18
1942,-6.168507370301215e+18
1943,-6.971241234816188e+18
1944,-9.038511568409284e+18
1945,-9.87986270624358e+18
1946,-8.140947480409705e+18
1947,-8.941896439491762e+18
1948,-7.976389306645332e+18
1949,-8.880128953970922e+18
1950,-6.561919750469949e+18
1951,-7.99464287187188e+18
1952,-2.2682287458247718e+18
1953,-5.545380668038169e+18
1954,-7.647397320225533e+18
1955,-4.890898533837758e+18
1956,-1.0426104613653002e+19
1957,-7.645423646859207e+18
1958,-8.729935560622284e+18
1959,-6.532366652796572e+18
1960,-4.922789215208304e+18
1961,5.295367289739273e+18
1962,-3.321662765191598e+18
1963,-3.3259518268291763e+18
1964,-4.515046723876555e+18
1965,-9.700451012844571e+17
1966,-5.447520378957662e+18
1967,-8.288321883065478e+18
1968,-5.138812558442922e+18
1969,-1.0226807372107311e+19
1970,-1.1751137174403768e+19
1971,-1.1229746503603468e+19
1972,-9.40524259970559e+18
1973,-7.389438197666364e+18
1974,-8.547716234876602e+18
1975,-1.3144996991627426e+19
1976,-8.246116223790282e+18
1977,-1.0372892993047714e+19
1978,-1.1582630320781257e+19
1979,-9.889846478207545e+18
1980,-7.016768082851019e+18
1981,-9.406105152609128e+18
1982,-6.898538942613848e+18
1983,-7.044532409389673e+18
1984,-5.751841668195849e+18
1985,-7.443504996297031e+18
1986,-7.872448473560728e+18
1987,-6.461500196265979e+18
1988,-5.642170781637957e+18
1989,-6.264609229111027e+18
1990,-6.873921360093447e+18
1991,-7.010343772909229e+18
1992,-7.051107467665586e+18
1993,-5.183669442461778e+18
1994,-8.195706497937235e+18
1995,-6.158674281749415e+18
1996,-8.437986531286486e+18
1997,-9.55054570776989e+18
1998,-1.0466032141063842e+19
1999,-7.729007534166534e+18
2000,-9.304287036576702e+18
2001,5.528745695149499e+18
2002,-8.303783501388873e+18
2003,-8.223606302836468e+18
2004,-6.883718589887653e+18
2005,-7.678716259020703e+18
2006,-7.212689803745405e+18
2007,-8.80222333125817e+18
2008,-6.278328727912735e+18
2009,2.685379418872002e+18
2010,-6.06146109330957e+18
2011,-6.240780696294828e+18
2012,-6.071855030633444e+18
2013,-5.621230417421795e+18
2014,-6.212462274282815e+18
2015,-5.898757071880963e+18
2016,-6.030964864074489e+18
2017,-6.215849098988816e+18
2018,7.539238755430666e+18
2019,-4.410877546313065e+18
2020,-4.4756753861227786e+18
2021,-4.4461161602290406e+18
2022,-7.457794988626354e+18
2023,6.230849753003412e+18
2024,-9.361714110282906e+18
2025,-1.1892796693178964e+19
2026,-6.439531034244247e+18
2027,-4.1689859202165335e+18
2028,-4.985404073026775e+18
2029,-5.409906647119867e+18
2030,-8.476706758774666e+18
2031,-6.700009982035698e+18
2032,-7.333755905758657e+18
2033,-8.028138284523161e+18
2034,-4.849731593365501e+18
2035,-6.342657306050194e+18
2036,-6.200301274387554e+18
2037,-6.300779361566927e+18
2038,4.341152379195088e+18
2039,4.3057863751047803e+18
2040,-1.0591546157960477e+19
2041,-2.33940290058441e+18
2042,-6.794603453438402e+18
2043,-7.466951466553885e+18
2044,-9.355127500379754e+18
2045,-3.91535317220057e+18
2046,-8.74544761106292e+18
2047,-5.288336872703558e+18
2048,2.496131380419004e+18
2049,-9.188769444487925e+18
2050,-6.039724032871369e+18
2051,-3.8814775586750234e+18
2052,-5.915674279706743e+18
2053,-5.824508110499719e+18
2054,-3.1649024171117087e+18
2055,-7.620461351316394e+18
2056,-1.1645023655853043e+18
2057,-5.377840698899345e+18
2058,-7.672652089104356e+18
2059,-5.335013670045448e+18
2060,-7.244087118731866e+18
2061,-8.038732352957115e+18
2062,-5.698526504304739e+18
2063,-4.295972947123969e+18
2064,-2.8965259330227313e+18
2065,-2.877125185727757e+18
2066,-8.475942404236243e+18
2067,-7.003590899047081e+18
2068,-9.76952331651287e+18
2069,-3.3354304560199706e+18
2070,-4.761613778815364e+18
2071,-3.332780232637006e+18
2072,-6.504121387007569e+18
2073,-5.24701834977735e+18
2074,-6.87138428044474e+18
2075,-5.650675472310418e+18
2076,-4.583499804773232e+18
2077,1.1510947700044504e+18
2078,-2.5457543160288877e+17
2079,-5.285711111135515e+18
2080,-5.101508046070286e+18
2081,-5.277374436377501e+18
2082,-9.756165454098145e+18
2083,-6.231563261913463e+18
2084,-4.257769232847408e+18
2085,-5.960360976456249e+18
2086,-4.641594266199718e+18
2087,-5.584499917965161e+18
2088,-4.994955751222845e+18
2089,-3.412428995376079e+18
2090,-5.334476351847054e+18
2091,-7.187562764093449e+18
2092,-6.537147629110237e+18
2093,-6.728673976482002e+18
2094,-5.317410801744417e+18
2095,-5.7454017216584e+18
2096,-4.0461919173679037e+18
2097,-4.4905475170147005e+18
2098,-5.9537262451963e+18
2099,-1.971085232115768e+18
2100,-6.95258796794138e+18
2101,-5.960018975378332e+18
2102,-5.188992484825225e+18
2103,-3.739898020213907e+18
2104,-8.901367665136222e+18
2105,-5.674236759771414e+18
2106,-4.6012980232233723e+18
2107,-9.575275649277686e+18
2108,-5.090201942035711e+18
2109,-5.398500959075821e+18
2110,-1.4559045684279316e+18
2111,-6.637054497567867e+18
2112,-7.11272939352814e+18
2113,-4.828601782115656e+18
2114,-4.771508954402753e+18
2115,-6.605127251665482e+18
2116,-4.930400497373911e+18
2117,-3.1312068911973345e+18
2118,-5.30538194151174e+18
2119,-5.279273138860623e+18
2120,-4.3676890466153626e+18
2121,-3.5041538863134725e+18
2122,-4.3705702571507635e+18
2123,-2.984152501765422e+18
2124,-4.0339751661381837e+18
2125,-7.762735691491171e+18
2126,-6.861645920687335e+18
2127,-8.235314829382896e+18
2128,-5.926276825125561e+18
2129,-3.994851981632095e+18
2130,-5.59989261054429e+18
2131,-1.6148015880422922e+19
2132,-5.508114688827408e+18
2133,-5.368916949632449e+18
2134,-5.062609537140683e+18
2135,-3.648440761805757e+18
2136,-4.999923475245074e+18
2137,-5.567910528532187e+18
2138,-5.433526482501519e+18
2139,-5.588362218254025e+18
2140,-5.066589025511382e+18
2141,-4.5719464241537746e+18
2142,-5.595386584500408e+18
2143,9.446479250987702e+18
2144,-6.212616649235611e+18
2145,-4.939490885698237e+18
2146,-5.960361290614278e+18
2147,-8.032673970950097e+18
2148,-5.124143965055991e+18
2149,-4.614916887085617e+18
2150,-8.034517928908479e+18
2151,-4.0641983460820593e+18
2152,-8.016343804539689e+18
2153,-7.92273254950351e+18
2154,-4.409485302808617e+18
2155,-4.483047786808027e+18
2156,-9.301750181077848e+18
2157,-8.441104786818166e+18
2158,-7.611599436007233e+18
2159,-7.578015580849102e+18
2160,-4.80581279588614e+18
2161,-8.566564456989656e+18
2162,-1.200571146293828e+19
2163,-9.34122918306819e+18
2164,-7.712108046346223e+18
2165,3.483984339586323e+18
2166,-5.057937461126532e+18
2167,-7.320634925873457e+18
2168,-6.390804890383346e+18
2169,-5.814352541463112e+18
2170,-6.65528112142667e+18
2171,-5.62393796733615e+18
2172,-5.693338188919212e+18
2173,2.1776025187261875e+18
2174,-8.657351186264305e+18
2175,-8.389968259507422e+18
2176,-9.245768515630348e+18
2177,-8.512074607234255e+18
2178,-6.433433605843886e+18
2179,-4.228272310963396e+18
2180,-7.025231537745689e+18
2181,-7.630113490201808e+18
2182,-8.307596268806851e+18
2183,-7.151805513879089e+18
2184,-5.696040596813108e+18
2185,-4.603866567067516e+18
2186,-5.823813083004021e+18
2187,-3.859116852326014e+18
2188,-5.053655487300997e+18
2189,-1.538203709308175e+19
2190,-4.5211615990443167e+18
2191,-4.4443203175247457e+18
2192,-3.9309356731706885e+18
2193,-4.115795464370179e+18
2194,-4.08543013667678e+18
2195,-4.673602661674909e+18
2196,-5.33767429134067e+18
2197,-5.645757859816855e+18
2198,-7.275307839395855e+18
2199,3.7206477824878556e+18
2200,-4.660200649658821e+18
2201,-4.729040280414383e+18
2202,-5.655631658233988e+18
2203,-5.872577605636436e+18
2204,-7.611150230710472e+18
2205,-5.835751707794857e+18
2206,-5.738166905707534e+18
2207,-6.557754550873805e+18
2208,-7.896117840778055e+18
2209,-1.0022826810350234e+19
2210,-3.5282944195337267e+18
2211,-4.0391167032773637e+18
2212,-4.559675236260421e+18
2213,-4.98223673865427e+18
2214,-6.208705661650962e+18
2215,-4.11661374016894e+18
2216,-7.799835349906247e+18
2217,-2.8283873975464346e+18
2218,-2.419249590296546e+17
2219,4.9337756027289e+18
2220,-3.1629142350754447e+18
2221,-8.469563064797725e+18
2222,-8.425872172260984e+18
2223,-1.0477611724289894e+19
2224,-6.701384525264336e+18
2225,-5.624939329826773e+18
2226,-8.808035006434124e+18
2227,-7.467743250305223e+18
2228,-7.952992584786455e+18
2229,-6.552900941297772e+18
2230,-4.705654083355055e+18
2231,-5.841002717847297e+18
2232,-7.90563631525958e+18
2233,-5.573997305270112e+18
2234,-7.459911747455631e+18
2235,-8.759058630414816e+18
2236,-9.297932094846554e+18
2237,-1.0287894999644121e+19
2238,-6.910272177891383e+18
2239,-5.788978244385404e+18
2240,-6.032535255273083e+18
2241,-2.426889956309588e+18
2242,-5.268385968942824e+18
2243,-5.381848297655247e+18
2244,-3.5396674201658593e+18
2245,-3.476745322056523e+18
2246,-5.931878146192995e+18
2247,-3.887591503913996e+18
2248,-4.079638244765016e+18
2249,-4.246532302336775e+18
2250,-4.460293671207846e+18
2251,-6.893254534791251e+18
2252,-8.391219936838723e+18
2253,-4.731588536329545e+18
2254,-5.743813451234009e+18
2255,-6.464659955666081e+18
2256,-5.341971097871505e+18
2257,-7.882254894211948e+18
2258,-6.205060515845136e+18
2259,-6.291289538851686e+18
2260,-6.167282200000325e+18
2261,-6.109988518261891e+18
2262,-6.809460135293922e+18
2263,-8.963697470624381e+18
2264,-1.3022346475268889e+19
2265,-6.905027375179175e+18
2266,-8.417927016093667e+18
2267,-1.1773931603670907e+19
2268,-1.0470293357811739e+19
2269,-6.789638074071475e+18
2270,-5.322371860580157e+18
2271,-8.522474596677709e+18
2272,-7.016760875533066e+18
2273,-6.046927809707175e+18
2274,-6.888865311873713e+18
2275,-5.127587926734868e+18
2276,2.710579184996588e+18
2277,-4.964916135379028e+18
2278,-6.769866596293272e+18
2279,5.138662231564718e+18
2280,-4.794390153189836e+18
2281,-7.017564559690601e+18
2282,-6.90087259201259e+18
2283,-3.7235157313478574e+18
2284,-4.493870912504941e+18
2285,-5.26896570301549e+18
2286,-5.090526862625568e+18
2287,-9.50596607216311e+18
2288,-9.078786144774681e+18
2289,-1.1249507592812145e+19
2290,-1.1852366688511863e+19
2291,-9.105143737304285e+18
2292,-1.0697540266804316e+19
2293,-1.3580012652308988e+19
2294,-1.1525064390606273e+19
2295,-1.2109057260933208e+19
2296,-9.671601002164593e+18
2297,-7.357957384196866e+18
2298,-9.596077315789711e+18
2299,-1.1951765415830075e+19
2300,-9.010830801632082e+18
2301,-6.555209015246305e+18
2302,-8.400371500459931e+18
2303,-9.155199536673866e+18
2304,-8.071804085495435e+18
2305,-6.690997276878841e+18
2306,-6.619155009177136e+18
2307,-7.000604921797595e+18
2308,-8.232898654939935e+18
2309,-8.192872749729833e+18
2310,-6.980659965443572e+18
2311,-7.23894769662339e+18
2312,-5.566498519289809e+18
2313,-5.633415931957818e+18
2314,-4.977582020287629e+18
2315,-5.423827862102185e+18
2316,-5.864799519831786e+18
2317,-6.837162961715795e+18
2318,-5.477494694987238e+18
2319,-5.258201843346959e+18
2320,-6.62728397541026e+18
2321,-7.984055843995533e+18
2322,-6.665617287076621e+18
2323,-5.234510561189254e+18
2324,-4.684480432659755e+18
2325,-8.098858775850471e+18
2326,-4.751339531455738e+18
2327,-6.790128858087982e+18
2328,-6.857633936871703e+18
2329,-6.379538539160686e+18
2330,-6.430879719664162e+18
2331,-1.1006341507000494e+19
2332,-1.1536806512071137e+19
2333,-9.86045751847224e+18
2334,-8.549089923271067e+18
2335,-8.140903161507552e+18
2336,-9.475852738055105e+18
2337,-7.310009723435543e+18
2338,-8.057836198841733e+18
2339,-8.206659891318845e+18
2340,-1.037799970090285e+19
2341,-8.176742329582903e+18
2342,-8.0620724640319e+18
2343,-7.84425180303996e+18
2344,-7.292395488499944e+18
2345,-8.052227603500253e+18
2346,-7.060913458160152e+18
2347,-7.022122847138921e+18
2348,-6.546006337131568e+18
2349,-5.5375872020027e+18
2350,-6.939623350807729e+18
2351,-8.424101821006509e+18
2352,-8.95225650109789e+18
2353,-8.887092928499458e+18
2354,-5.804299300319285e+18
2355,-6.022252292343482e+18
2356,-5.66110257377671e+18
2357,-7.797019923536801e+18
2358,-6.452710178443854e+18
2359,-4.4846230514411796e+18
2360,9.542636520569514e+17
2361,-5.330415138505327e+18
2362,-9.238244741510674e+18
2363,-5.408182056851561e+18
2364,-5.523792110687968e+18
2365,-7.099048042826441e+18
2366,-5.942440755802605e+18
2367,-8.173447721604081e+18
2368,-6.962980337945498e+18
2369,-8.084934872056349e+18
2370,-5.345885152875556e+18
2371,-5.546613156744064e+18
2372,-7.220733436754259e+18
2373,-7.612170547854946e+18
2374,-8.839300360457491e+18
2375,8.770340553547513e+18
2376,-1.2018752668590146e+19
2377,-3.946991872778305e+16
2378,-5.870019171848057e+18
2379,-9.068915733160221e+18
2380,-5.459721776614183e+18
2381,-6.736058150563109e+18
2382,-7.844794208202709e+18
2383,-8.467593209765222e+18
2384,-7.844667540585392e+18
2385,-5.681179732156941e+18
2386,-1.270953892100383e+18
2387,-4.959087684087113e+18
2388,-4.751218825481487e+18
2389,-2.0464748716977946e+18
2390,-3.193444062292458e+18
2391,-4.973862857836351e+18
2392,-4.690466205221214e+18
2393,-6.319445942548936e+18
2394,-5.365208065618205e+18
2395,-7.196448291612498e+18
2396,1.7050520190343862e+18
2397,-8.593722539470516e+18
2398,-4.933913225898473e+17
2399,-3.501323230966742e+18
2400,-2.5775270773572506e+18
2401,2.1746238247087043e+18
2402,-5.913258545431522e+18
2403,-8.246066844910034e+18
2404,-6.05979349935223e+18
2405,-6.516447632535971e+18
2406,-4.764486554968641e+18
2407,-5.109094606047027e+18
2408,-5.567400199217633e+18
2409,-5.963550079494055e+18
2410,-6.45071067760035e+18
2411,-4.710820665605982e+18
2412,-7.14755868910301e+18
2413,-6.382121972224239e+18
2414,-5.674200692845916e+18
2415,-8.24385027947745e+18
2416,-4.890594178376971e+18
2417,9.7366068835436e+18
2418,6.174233848159537e+18
2419,-6.800372925801623e+18
2420,-4.698323923306528e+18
2421,-2.3919564901535104e+18
2422,-4.788322163411887e+18
2423,-6.453379514676273e+18
2424,-1.3290185421999602e+19
2425,-9.997946066337894e+18
2426,-4.60287067681299e+18
2427,-5.615433887963775e+18
2428,1.3115651951342628e+18
2429,-4.7323694627266e+18
2430,-4.866532629007156e+18
2431,-6.073153771869065e+18
2432,-5.394446951669442e+18
2433,-6.133465617566597e+18
2434,-6.539362327446987e+18
2435,-4.759510959319606e+18
2436,-3.590066617859852e+18
2437,2.478015640013218e+18
2438,-4.762539183158938e+18
2439,-4.866622169808588e+18
2440,-5.35429417167035e+18
2441,-5.307404391631961e+18
2442,-5.040406139065259e+18
2443,-5.183314998066495e+18
2444,-4.5456842634164234e+18
2445,2.557674287951185e+18
2446,-7.414488540583124e+18
2447,-6.324390877945336e+18
2448,-2.7209285705257605e+18
2449,-4.4090350796744284e+18
2450,-6.522739397262058e+18
2451,-4.871882422606158e+18
2452,-8.801865017634992e+18
2453,-3.7242436629000755e+18
2454,-5.392613948995044e+18
2455,-1.174250234931557e+18
2456,-5.841735686105832e+18
2457,-5.000804550428833e+18
2458,-4.3530548519682376e+18
2459,-4.579161118941587e+18
2460,-5.644400203761437e+18
2461,-5.259625473813112e+18
2462,-6.141782918641253e+18
2463,-5.268930266017774e+18
2464,-8.323622766673189e+18
2465,-5.266984960177377e+18
2466,-5.676328923124124e+18
2467,-4.876950431311241e+18
2468,-4.977259844667221e+18
2469,-5.733948342986767e+18
2470,-8.59948097571116e+18
2471,-9.099194435510506e+17
2472,-8.197913099130908e+18
2473,-3.276917965216773e+18
2474,-7.166874711084677e+18
2475,-8.511585500052187e+18
2476,-4.793703238399994e+18
2477,-4.929625140634115e+18
2478,-7.565901156515365e+18
2479,-2.962876894791983e+18
2480,6.144739414177233e+18
2481,6.663099573820619e+18
2482,-4.174482546416355e+18
2483,-3.2237748635892932e+16
2484,3.5456943939447e+18
2485,2.1685900858052813e+18
2486,1.1315918364114387e+18
2487,-9.50082469281474e+18
2488,-5.017887500939445e+18
2489,-6.27525418228106e+18
2490,7.694630867551459e+18
2491,-3.8894962378740726e+18
2492,6.630408199470895e+18
2493,-5.658520660408673e+18
2494,-7.846992225709053e+18
2495,-5.430685117281798e+18
2496,-1.1338458436507492e+19
2497,-6.473089058171036e+18
2498,-4.3499075226743885e+18
2499,-3.531481607313028e+18
2500,6.637346596061008e+18
2501,-7.05526307704929e+18
2502,-6.407973548449103e+18
2503,-5.94389926923596e+18
2504,-7.440056318719835e+18
2505,-7.0220809916666e+18
2506,-8.818408026597672e+18
2507,-1.1556824320477587e+19
2508,-8.815012040626256e+18
2509,-8.195451138326883e+18
2510,-7.922681225015901e+18
2511,-6.661982310167922e+18
2512,-6.54530809665505e+18
2513,-1.6931880509660244e+18
2514,6.414717989797418e+18
2515,-5.17155773502312e+18
2516,-4.5896946976764513e+18
2517,-4.994852343525156e+18
2518,-5.540095265224654e+18
2519,-6.95438894753842e+18
2520,-6.214068892420064e+18
2521,-6.204655165578885e+18
2522,-6.868783675534255e+18
2523,-4.5480904337048243e+18
2524,-5.284649042374816e+18
2525,-5.198321399372013e+18
2526,-5.399516695976645e+18
2527,1.9220321193415795e+18
2528,2.2751254805791693e+18
2529,-4.403016775238417e+18
2530,-3.840316588398529e+18
2531,-8.759036580339259e+18
2532,-7.098487926388809e+18
2533,-6.327458692990506e+18
2534,-9.960994330537115e+17
2535,-9.999912183148808e+18
2536,-7.344757761250896e+18
2537,-6.899776320882038e+18
2538,-5.364237149849108e+18
2539,-6.112530494236783e+18
2540,-7.033743150418791e+18
2541,-5.395625765823875e+18
2542,-5.579537957679685e+18
2543,-4.7990121604704e+18
2544,7.69376886160039e+18
2545,-3.9840022079305057e+18
2546,-6.152888015051944e+18
2547,-5.332446761135858e+18
2548,-6.666828618977417e+18
2549,-5.133989556857145e+18
2550,-2.736909620490831e+19
2551,-4.766534409957583e+18
2552,8.182665444373559e+18
2553,-4.475060687875141e+18
2554,-6.303885201253884e+18
2555,4.692009825426851e+17
2556,-3.87368910053125e+18
2557,-4.484499328973927e+18
2558,-9.764498549296155e+18
2559,-7.299818760196077e+18
2560,-4.924359275032081e+18
2561,-3.8799042036518e+18
2562,-5.342118412509745e+18
2563,-5.162774600580095e+18
2564,-6.348861551602064e+18
2565,-4.643963935187115e+18
2566,-7.254886952937419e+18
2567,-4.972307476477079e+18
2568,7.969062345571999e+18
2569,-7.91070607236133e+18
2570,-3.610635882023631e+18
2571,-8.848018611269843e+18
2572,-5.134434070775535e+18
2573,-9.008356160590126e+18
2574,-1.1294562007180356e+19
2575,-4.704781662917406e+18
2576,-6.412672570864416e+18
2577,-6.661519570016388e+18
2578,-4.2666292711887775e+18
2579,-5.07757397661014e+18
2580,-7.391333777767195e+18
2581,-5.486164719367371e+18
2582,-4.824907458292076e+18
2583,-8.36305413625547e+18
2584,-6.389606010127683e+18
2585,-7.351858939013115e+18
2586,-7.229267160496331e+18
2587,-7.615244428181799e+18
2588,3.790880986076975e+18
2589,-5.197841541829788e+18
2590,-7.792763994836753e+18
2591,-9.856448271699378e+18
2592,-8.998313371639931e+18
2593,-8.220613415714701e+18
2594,-5.291483379282461e+18
2595,-6.82808438356034e+18
2596,-1.0138750902585172e+19
2597,-7.905514046281453e+18
2598,-8.832204946897585e+18
2599,-9.85123139208813e+18
2600,-8.135539753731423e+18
2601,9.622016493534603e+18
2602,-3.822238383828079e+18
2603,-3.5257662087080233e+18
2604,-3.8550703565822433e+18
2605,-3.902183278807621e+18
2606,-5.015530951632508e+18
2607,-6.886846303029413e+18
2608,-8.055904450176683e+18
2609,-5.134705056131437e+18
2610,-4.052398072613944e+18
2611,-8.227134157821945e+18
2612,-5.837274320403969e+18
2613,-4.0926673767272735e+18
2614,-4.497355116582207e+18
2615,1.9895737385337185e+18
2616,-5.232997481039707e+18
2617,-9.238723011834819e+18
2618,-7.684340719039405e+18
2619,-9.992480797761362e+18
2620,-5.598684679415426e+18
2621,-5.89325858551515e+18
2622,-6.354689563589077e+18
2623,-7.765970364431704e+18
2624,-1.0185463885287481e+19
2625,-1.2468181172647526e+19
2626,-6.031413412295597e+18
2627,-6.236151213218316e+18
2628,-1.042701360100235e+19
2629,-1.233965573092174e+19
2630,-8.765500482993423e+18
2631,-1.1545323613436287e+19
2632,-1.050720718873762e+19
2633,-8.937538965675507e+18
2634,-1.037374160614752e+19
2635,-5.47013989774044e+18
2636,-6.968131777140108e+18
2637,-5.483121384390187e+18
2638,-7.992459862035801e+18
2639,-6.796543576747231e+18
2640,-5.655490509408904e+18
2641,5.298225837866685e+18
2642,-7.357517238909869e+18
2643,-3.757956424352666e+18
2644,-5.125222091480951e+18
2645,-3.4566339830321577e+18
2646,-3.2217532584559145e+18
2647,-3.6912467174430925e+18
2648,-2.9949517618784957e+18
2649,-5.035773649130463e+18
2650,2.3948273698239724e+18
2651,-5.650593179668368e+18
2652,-1.0968786662196382e+19
2653,-8.599563242870856e+18
2654,-9.265694933689387e+18
2655,-9.751294314249525e+18
2656,-8.256257601473919e+18
2657,-9.473201547863796e+18
2658,-8.695886244994353e+18
2659,-8.540593439523494e+18
2660,-9.93376278360489e+18
2661,-9.43476906805098e+18
2662,-9.317985539369337e+18
2663,-8.528315373161931e+18
2664,-8.190375906334201e+18
2665,-8.841147278426802e+18
2666,-8.77693647691879e+18
2667,-5.389908442623864e+18
2668,-5.491884793905668e+18
2669,-6.999139935862789e+18
2670,-8.43857199457484e+18
2671,-5.414212644640262e+18
2672,-6.898024021587703e+18
2673,-7.591205037426154e+18
2674,-7.748303089573017e+18
2675,-5.909606949158351e+18
2676,-5.973871760957426e+18
2677,-7.033150101988789e+18
2678,-8.323871036170624e+18
2679,-7.466627887689508e+18
2680,-8.48100880276163e+18
2681,-1.091187276832067e+19
2682,-1.0088004730555167e+19
2683,8.700829745378788e+18
2684,-6.728897523811793e+18
2685,5.920027809063242e+18
2686,-7.829791749118369e+18
2687,-8.782527025975284e+18
2688,-8.041902750536066e+18
2689,-6.730682116327106e+18
2690,-1.205334028063751e+19
2691,-6.267765855213094e+18
2692,-6.042685358730436e+18
2693,-7.420332071922022e+18
2694,-6.077154954266795e+18
2695,-6.300582380956873e+18
2696,-5.813782231879476e+18
2697,-6.782816339037236e+18
2698,-6.154767005160564e+18
2699,-7.215643678973579e+18
2700,-6.30359323603076e+18
2701,-4.680070654567426e+18
2702,-5.239512041737955e+18
2703,-5.82850723025336e+18
2704,-5.809606042624501e+18
2705,-5.101183641915825e+18
2706,-5.058679975187995e+17
2707,-4.873235465906536e+18
2708,-5.252570339844098e+18
2709,-4.694192154215936e+18
2710,-4.785895056355033e+18
2711,-4.110137246272973e+18
2712,-1.055596816111726e+19
2713,-5.9179411264892e+18
2714,-5.005647667234962e+18
2715,-5.433547767865322e+18
2716,-3.6974133788912517e+18
2717,-5.843571053244593e+18
2718,-8.367828494120019e+18
2719,-6.04729286207815e+18
2720,-6.001765662924948e+18
2721,-5.433583147625744e+18
2722,1.1688925626446922e+18
2723,-5.119204608606731e+18
2724,-4.532074705686947e+18
2725,-5.411590777581322e+18
2726,4.470256700566124e+17
2727,-3.7124433737197824e+18
2728,4.712595925121937e+18
2729,-5.261714223333012e+18
2730,-6.501415982419199e+18
2731,-4.150877364958087e+18
2732,-5.337866850824044e+18
2733,-7.258485739108862e+18
2734,-8.446410492360364e+18
2735,-6.019265390222145e+18
2736,-6.435546379699329e+18
2737,-4.832618748970141e+18
2738,-8.406885258961194e+18
2739,-6.466317649853985e+18
2740,-5.282159251485853e+18
2741,-6.987866951197792e+18
2742,-6.815530974898854e+18
2743,-2.368516927554883e+18
2744,-5.801385606797308e+18
2745,-5.432962080869276e+18
2746,-5.206211210722467e+18
2747,-6.440073085405103e+18
2748,-4.765095357619877e+18
2749,-5.173449284650986e+18
2750,8.980429140033459e+18
2751,-4.4758282751893187e+18
2752,-9.440772682039476e+18
2753,-6.722709672178997e+18
2754,-1.110610201683531e+19
2755,-5.420974596622321e+18
2756,-3.64195445031435e+18
2757,-3.88336885480444e+18
2758,-2.8069512022679905e+18
2759,-5.615554075300325e+18
2760,-7.145924559340636e+18
2761,-5.851546412778003e+18
2762,-6.10919237355049e+18
2763,-8.806248792170975e+18
2764,-5.824328860997715e+18
2765,-1.073807310907011e+19
2766,-6.103868729939305e+18
2767,-4.0760097250011156e+18
2768,-8.315785421475839e+18
2769,-5.991742217095129e+18
2770,-5.457331506558384e+18
2771,-4.4917543792785295e+18
2772,-5.325561597798211e+18
2773,-7.075914038240134e+18
2774,-7.385249229520964e+18
2775,-7.11496652820581e+18
2776,-5.674650079801884e+18
2777,-5.447392240454937e+18
2778,-3.6232457010630656e+18
2779,-7.325322641873819e+18
2780,-4.2610202147527327e+18
2781,-4.3098077202151593e+18
2782,-4.0815965398999634e+18
2783,-5.107893495028134e+18
2784,-4.837186734249069e+18
2785,-5.854956081323172e+18
2786,-2.3815111176774385e+18
2787,-5.056992704560058e+18
2788,-4.235858595642843e+18
2789,-8.423050726213188e+18
2790,-4.5464440066948736e+18
2791,-4.983319971872746e+18
2792,-5.562078080519764e+18
2793,-6.858285733083317e+18
2794,-4.74402713398306e+18
2795,-5.128433927696521e+18
2796,-4.070105084426381e+18
2797,-1.048396779244495e+19
2798,-5.339812549689242e+18
2799,-4.415458088049404e+18
2800,-3.994040040646727e+18
2801,-5.194027413621936e+18
2802,-5.991234737816957e+18
2803,-1.0266792226612429e+19
2804,-6.403758281947799e+18
2805,-3.9408877951974144e+18
2806,-4.5014482599340575e+18
2807,4.62361364408919e+17
2808,-5.460492567379745e+18
2809,-4.738292965380538e+18
2810,-5.45544611696068e+18
2811,8.352315899732292e+18
2812,-5.252102213999885e+18
2813,-1.054193809657986e+19
2814,-1.036772497421532e+19
2815,-4.496729937527764e+18
2816,3.435035190684361e+18
2817,8.367316586352177e+18
2818,-1.5532824617643005e+18
2819,-7.978593773662883e+18
2820,-6.469681420980274e+18
2821,-4.932857462292918e+18
2822,-7.694912949315324e+18
2823,-1.3932446729854294e+19
2824,1.00189723601005e+19
2825,-5.890577950019982e+18
2826,-5.559302466461667e+18
2827,-6.632790862244263e+18
2828,-9.008469448668572e+18
2829,9.754955946071022e+18
2830,-8.118020508440292e+18
2831,-6.322208948571302e+18
2832,-9.674859900928692e+18
2833,-8.313632294326012e+18
2834,-6.806652005464994e+18
2835,-8.597118473942713e+18
2836,-5.755576598129178e+18
2837,-7.35614548255066e+18
2838,-5.741098644558864e+18
2839,-5.649409956203538e+18
2840,-7.41396267460353e+18
2841,-6.241545314187818e+18
2842,-6.649837426461204e+18
2843,-4.960769277524659e+18
2844,4.9296379258453624e+16
2845,-4.427405526538888e+18
2846,-6.302252962292167e+18
2847,-6.155561594373497e+18
2848,-7.079243246138326e+18
2849,-6.823704266163522e+18
2850,-8.026355960322013e+18
2851,-7.665608014136738e+18
2852,-7.357960463168008e+18
2853,-7.074805232614642e+18
2854,-4.1964307726173824e+18
2855,-7.217717195518242e+18
2856,-6.339538607278517e+18
2857,-5.814478656154821e+18
2858,-6.956126160810699e+18
2859,9.413939387143398e+16
2860,-5.14570119106099e+18
2861,-6.156519565827474e+18
2862,-6.177210223012548e+18
2863,-8642225291385604.0
2864,-8.782284701161861e+18
2865,-4.842077241919866e+18
2866,-6.517484943419976e+18
2867,-3.8070635254117514e+18
2868,-5.653705678621563e+18
2869,-7.10233664780782e+18
2870,-7.139160663113879e+18
2871,-1.113791468284816e+19
2872,-2.6246141253618627e+18
2873,-5.344416826177175e+18
2874,-6.499496292025598e+18
2875,-5.170402117574582e+18
2876,-5.20170021809156e+18
2877,-5.444914757505138e+18
2878,-6.142591762723343e+18
2879,-6.110379766695152e+18
2880,-5.248307275553702e+18
2881,-6.044603022045112e+18
2882,-6.837515831270735e+18
2883,-6.939006117638515e+18
2884,-5.970802766203003e+18
2885,-6.736244478549852e+18
2886,-8.769615655997193e+18
2887,-5.131608992886239e+18
2888,-5.304715332711585e+18
2889,-3.071383390457076e+18
2890,-3.1790860057274737e+18
2891,-6.480329452511593e+18
2892,-2.7361343302421596e+18
2893,-5.730322655850184e+18
2894,-3.1836450967648343e+18
2895,-8.989226353750615e+18
2896,-8.452078103531796e+18
2897,-8.59013309032082e+18
2898,-8.898442653763056e+18
2899,-7.88906439318556e+18
2900,-6.17053597843695e+18
2901,-8.6797646975709e+18
2902,-5.398797052793705e+18
2903,-9.992705042342152e+18
2904,-9.639844503745569e+18
2905,-6.447240449551592e+18
2906,-6.93401279277613e+18
2907,-4.0990024180740147e+18
2908,-4.4582713608845967e+18
2909,-8.803983553632506e+18
2910,-3.120135921512667e+18
2911,-3.824550999765017e+18
2912,-1.3866096537485793e+18
2913,-3.881321257302304e+18
2914,-3.864408466697728e+18
2915,-3.9073050437366533e+18
2916,-3.9032935497812096e+18
2917,-6.316105999096598e+18
2918,-4.952875612747228e+18
2919,-7.301095027312563e+18
